{"train_loss":10.630392074584961,"seenedtokens":204800,"grad/preclip/zero_frac":0.02981945101751065,"_step":200,"current_lr":1.0239606799098915e-05,"max_steps":97657,"_timestamp":1.7645705336860213e+09,"grad/preclip/inf_count":0,"tokens_per_sec":1066.1540628405446,"grad_top/1_embed.weight":0.03456941992044449,"max_mem_mb":823.339008,"val_loss":10.8125,"train_perplexity":41373.343457006704,"_wandb":{"runtime":190},"grad/preclip/global_norm":3.4733523287567074,"seenedtokens_global":204800,"grad/preclip/layers":2,"step":200,"grad/preclip/nan_count":0,"grad_top/0_readout.weight":3.4731802940368652,"val_perplexity":49637.40690795877,"_runtime":190.640357539,"tokens_per_sec_global":1066.1540628405446}