{"grad/preclip/inf_count":0,"tokens_per_sec":4242.478859925092,"_step":2000,"grad/preclip/layers":2,"grad/preclip/zero_frac":0.02807917899408284,"train_perplexity":1927.3181097714596,"val_loss":7.0625,"max_mem_mb":4118.628864,"grad_top/1_embed.weight":0.07443179190158844,"max_steps":12208,"val_perplexity":1167.3599206126853,"generated":{"sha256":"0359b44d7ce3e20b6bfab11f2bc0fedf28fe79dc092bf9fe4cb0857b391b6538","size":275,"path":"media/html/generated_1000_0359b44d7ce3e20b6bfa.html","_type":"html-file"},"_runtime":3860.867780286,"grad/preclip/global_norm":0.7555731991913366,"grad_top/0_readout.weight":0.7518981099128723,"current_lr":9.876473528381588e-05,"seenedtokens":16384000,"step":2000,"seenedtokens_global":16384000,"grad/preclip/nan_count":0,"tokens_per_sec_global":4242.478859925092,"train_loss":7.563884735107422,"_wandb":{"runtime":3860},"_timestamp":1.765617840165753e+09}