{"grad/preclip/nan_count":0,"train_perplexity":480.1426430999468,"grad/preclip/global_norm":2.5664294904514935,"mean_so_far_ppl_curve_table":{"artifact_path":"wandb-client-artifact://g9xd0y6032z78dcowejine7jy2bql4vc3wrx4c8mcqs629b2eq1duca1echea91udslns067n1o1mky9qn27yjf9e0a0yk5szb1gb1dxhhzvkl91f1yzxss1uky6pff5/mean_so_far_ppl_curve_table.table.json","ncols":2,"path":"media/table/mean_so_far_ppl_curve_table_12209_39f79a9dc6be53b6e0ea.table.json","_type":"table-file","size":250,"nrows":12,"sha256":"39f79a9dc6be53b6e0eac23fe99cb3ea96323e67b953d6a1728bce2209da494b","log_mode":"IMMUTABLE","_latest_artifact_path":"wandb-client-artifact://lwqie8be87chx9b37npsd28qo07i79sbln8xvz2kzobwu41e8iz35u5t5deggv4mwyr0a0mqihtzgjddei11is1jvgl3888kwawwa4lba2ny3q2v1i3zizq2kx12mc99:latest/mean_so_far_ppl_curve_table.table.json"},"_timestamp":1.764622580214229e+09,"generated":{"_type":"html-file","sha256":"dfce8acc9d746a3bc195c2bb90b4ec41d52049167a630d5a3c1da9fd776abab5","size":188,"path":"media/html/generated_12000_dfce8acc9d746a3bc195.html"},"inference_mem_MB":2615.858176,"grad_top/0_readout.weight":2.5658676624298096,"_wandb":{"runtime":51145},"current_lr":0,"grad/preclip/inf_count":0,"grad_top/1_embed.weight":0.05369793623685837,"val_perplexity":502.07524555352444,"tokens_per_sec_global":1956.9932946140896,"step":12208,"_runtime":51145,"_step":12209,"val_loss":6.21875,"grad/preclip/layers":2,"train_loss":6.174083232879639,"seenedtokens":100007936,"seenedtokens_global":100007936,"inference_time":4.637033939361572,"max_steps":12208,"max_mem_mb":4972.169728,"inference_tok_per_sec":44166.16368958406,"tokens_per_sec":1956.9932946140896,"grad/preclip/zero_frac":0.014533589712774906}