{"_wandb":{"runtime":255},"inference_mem_MB":1018.28864,"_step":1,"_runtime":255,"inference_time":4.639260530471802,"inference_tok_per_sec":44144.966348585804,"val_perplexity":32048.31862582525,"mean_so_far_ppl_curve_table":{"size":244,"log_mode":"IMMUTABLE","ncols":2,"artifact_path":"wandb-client-artifact://0aq6kg43chiq4qrtj0uan1r7mtitp3gpfvi62s1kxlqmbfrabm5fsrqnas8gl2a4aum8sfxolf7uwn7zqbiksxttmzwzt5l5g6hfe3c663s5d4r9ubtu8jqpus4v86gh/mean_so_far_ppl_curve_table.table.json","sha256":"526b030839df624e58189bd58d65a483680a3ea438176f987e52e1b96d76a945","_latest_artifact_path":"wandb-client-artifact://k80s7wa5dafbgui1i6s5a30ranm4cd7h5hl1e01977e910dfq1m2vwnp72b6swtw3690qrb1l9j0nujgrzmkfakn2k8gu6p312tzzk5hm51g7wcx7jbvl87edl4uojn1:latest/mean_so_far_ppl_curve_table.table.json","nrows":12,"_type":"table-file","path":"media/table/mean_so_far_ppl_curve_table_1_526b030839df624e5818.table.json"},"val_loss":10.375,"_timestamp":1.7645722395556138e+09}