{"_timestamp":1.7656199232107341e+09,"grad_top/1_readout_out.weight":0.7419775724411011,"max_mem_mb":10673.16224,"train_perplexity":36243.46796848984,"grad/preclip/zero_frac":0.14124650566833163,"tokens_per_sec":8606.178237051741,"grad_top/2_embed.weight":0.005830144044011831,"train_loss":10.498014450073242,"current_lr":2.5575447570332483e-06,"grad/preclip/global_norm":3.069853278186511,"_wandb":{"runtime":7},"_runtime":7.971689533,"seenedtokens":51200,"grad/preclip/inf_count":0,"grad_top/0_readout_proj.weight":2.9788310527801514,"tokens_per_sec_global":8606.178237051741,"grad/preclip/nan_count":0,"max_steps":3907,"grad/preclip/layers":3,"step":2,"seenedtokens_global":51200,"_step":2}