{"step":12208,"current_lr":0,"grad/preclip/inf_count":0,"grad/preclip/zero_frac":0.014533552157192646,"grad_top/0_readout.weight":2.501880645751953,"val_loss":6.40625,"train_loss":6.187268257141113,"generated":{"size":299,"path":"media/html/generated_12000_ee91cb6d4b200d9b5833.html","_type":"html-file","sha256":"ee91cb6d4b200d9b58338ae8678d076501089eeadb62c350a7d17ab3321acf6c"},"inference_mem_MB":2615.858176,"_timestamp":1.7646294278888047e+09,"max_steps":12208,"train_perplexity":486.51525469723174,"grad/preclip/nan_count":0,"tokens_per_sec_global":1937.9775213565104,"grad_top/1_embed.weight":0.04854853078722954,"inference_time":4.302056789398193,"seenedtokens_global":100007936,"_step":12209,"seenedtokens":100007936,"inference_tok_per_sec":47605.13633959934,"_wandb":{"runtime":51646},"max_mem_mb":4972.169728,"grad/preclip/global_norm":2.5023516390447225,"grad/preclip/layers":2,"mean_so_far_ppl_curve_table":{"ncols":2,"path":"media/table/mean_so_far_ppl_curve_table_12209_cea353331e04da151fda.table.json","_latest_artifact_path":"wandb-client-artifact://aqbouv2jp98hpxs73x4gpu2bszyonmguu61v9684up25qufjkqsmkaqdt16406iypiq4a9rjii4issjhopy0q8cv3slvnj0i7zwucvexelc8poyk5lkj5w7px56esgpk:latest/mean_so_far_ppl_curve_table.table.json","artifact_path":"wandb-client-artifact://yquj3el1uypyoln0cox7chdnsqziuoxrrfnrscasoj626fivm1nrgg3dcpyobi1hxxfdx729kchzdrjlek6rwno0w84kkfuyuyowqbuujiflk55b75l6qjgx2e71sdgi/mean_so_far_ppl_curve_table.table.json","sha256":"cea353331e04da151fda5e526940af050508bbed518d7561b82dc020d5fdda90","nrows":12,"_type":"table-file","log_mode":"IMMUTABLE","size":256},"tokens_per_sec":1937.9775213565104,"val_perplexity":605.6183486721279,"_runtime":51646}