{"tokens_per_sec":940.3062158969636,"grad/preclip/global_norm":5.324615094612461,"seenedtokens":16384,"grad/preclip/layers":2,"train_perplexity":45003.59102945658,"max_steps":6104,"_wandb":{"runtime":15},"max_mem_mb":7215.054336,"seenedtokens_global":16384,"grad/preclip/zero_frac":0.013650027040019228,"grad/preclip/inf_count":0,"train_loss":10.714497566223145,"current_lr":1.6366612111292963e-06,"_runtime":15.918471303,"_timestamp":1.764577629602259e+09,"grad_top/0_readout.weight":5.3245954513549805,"step":1,"grad/preclip/nan_count":0,"tokens_per_sec_global":940.3062158969636,"_step":1,"grad_top/1_embed.weight":0.01446323562413454}