param,importance_mean,importance_std
hp.ngrc_d_model,96.57977651893736,11.456346651266117
hp.ngrc_poly_degree,32.535178195573735,9.361255965792258
hp.ngrc_lag,13.5687836136785,2.583714068096024
hp.local_batch_size,1.064551183742526,0.7027332957264084
hp.learning_rate,-1.0826894936144528e-14,1.3812188226231173e-14
