param,importance_mean,importance_std
hp.ngrc_d_model,86.1165911875274,14.164310748744507
hp.ngrc_poly_degree,42.065820673645945,2.695494903071748
hp.ngrc_lag,15.859222896967026,3.98536319015546
hp.learning_rate,-5.950795411990838e-16,4.979703618205595e-15
hp.local_batch_size,-1.9451107391432746e-15,7.0623031061439925e-15
