param,importance_mean,importance_std
hp.ngrc_d_model,71.35202445130594,12.695984570729923
hp.ngrc_poly_degree,40.880218768180086,5.353014348775276
hp.ngrc_lag,18.37296246233899,3.908077893010661
hp.local_batch_size,-1.5076828674409624e-14,1.8226260132389546e-14
hp.learning_rate,-1.523225989785715e-14,1.549551073036384e-14
