param,importance_mean,importance_std
hp.ngrc_d_model,77.08200478442622,12.617630580334245
hp.ngrc_poly_degree,44.97190786172488,7.523652846478222
hp.ngrc_lag,14.052646715955769,3.0050506424967476
hp.local_batch_size,2.7533531010703875e-15,2.3845812491858684e-14
hp.learning_rate,2.6822988274943786e-15,2.148762251258018e-14
