param,spearman_rho,p_value,n,min,max
hp.ngrc_d_model,-0.7638577818419423,4.477249753604287e-22,109,64.0,512.0
hp.ngrc_poly_degree,-0.31058993770900756,0.0011301407806952597,107,1.0,7.0
hp.local_batch_size,-0.11731924943150111,0.22439340746594502,109,32.0,200.0
hp.learning_rate,0.11731924943150111,0.22439340746594502,109,0.0005,0.001
hp.ngrc_lag,0.5059109445519573,2.004900259344802e-08,109,5.0,256.0
