param,spearman_rho,p_value,n,min,max
hp.ngrc_d_model,-0.6792858120635076,2.1019097563026093e-07,46,64.0,512.0
hp.ngrc_poly_degree,-0.3809447556344035,0.010736602454168168,44,1.0,7.0
hp.local_batch_size,-0.048177621071893974,0.7505238495940093,46,32.0,200.0
hp.learning_rate,0.048177621071893974,0.7505238495940093,46,0.0005,0.001
hp.ngrc_lag,0.4425988824545396,0.0020697301844261576,46,16.0,256.0
