param,spearman_rho,p_value,n,min,max
hp.ngrc_d_model,-0.8470571481202557,8.272080143190007e-41,144,64.0,4096.0
hp.ngrc_poly_degree,-0.2639756293018315,0.0015018277080054616,142,1.0,7.0
hp.local_batch_size,-0.0373171081137331,0.6570012197391456,144,32.0,400.0
hp.learning_rate,0.12704847012663217,0.12915302991345196,144,0.0005,0.001
hp.ngrc_lag,0.5567354996333578,4.297625918666261e-13,144,5.0,256.0
