{"grad/preclip/inf_count":0,"max_mem_mb":3696.82432,"tokens_per_sec":22591.95649592775,"seenedtokens_global":100007936,"step":12208,"train_perplexity":1076.4104621356576,"max_steps":12208,"_timestamp":1.7656198721599607e+09,"grad/preclip/zero_frac":0.02824381803123521,"_wandb":{"runtime":4485},"grad/preclip/global_norm":0.5380352860449985,"generated":{"path":"media/html/generated_12000_33d882762181e1a52456.html","_type":"html-file","sha256":"33d882762181e1a524564700edfb377727e61475c0c758d2c22506e96b9d05b1","size":205},"current_lr":0,"train_loss":6.981387138366699,"seenedtokens":100007936,"_step":12208,"tokens_per_sec_global":22591.95649592775,"val_perplexity":802.313957927379,"inference_mem_MB":1441.962496,"val_loss":6.6875,"_runtime":4485,"grad/preclip/nan_count":0,"grad_top/1_embed.weight":0.044710490852594376,"grad/preclip/layers":2,"inference_time":4.438225507736206,"grad_top/0_readout.weight":0.5361743569374084,"inference_tok_per_sec":46144.568283656634}