{"grad/preclip/inf_count":0,"train_loss":7.297793388366699,"train_perplexity":1477.0370817842495,"grad/preclip/layers":2,"current_lr":0.00030794430794430796,"grad/preclip/zero_frac":0.02897089446284903,"seenedtokens":3080192,"_wandb":{"runtime":706},"val_loss":6.96875,"grad_top/1_embed.weight":0.025003306567668915,"_step":752,"grad_top/0_readout.weight":1.6746530532836914,"step":752,"tokens_per_sec":4352.343213610745,"grad/preclip/global_norm":1.674839698064178,"seenedtokens_global":3080192,"_runtime":706.483463602,"max_mem_mb":2036.067328,"max_steps":24415,"grad/preclip/nan_count":0,"val_perplexity":1062.893303177624,"tokens_per_sec_global":4352.343213610745,"_timestamp":1.764571363908441e+09}